"ind","obs","age","length","BHDF"
36,1,28.3333333333333,2.99661579322825,0.973735894654577
36,2,28.3333333333333,2.97094430591225,0.945964037393258
36,3,28.3333333333333,2.92881626440539,0.912147153866438
36,4,28.3333333333333,2.99925050861946,1.00772387978864
36,5,28.6666666666667,2.83577324670779,0.907026964764385
36,6,28.6666666666667,2.93142239863142,0.996549636833035
119,1,4.75,2.724768002351,0.873078680063135
119,2,4.75,2.7071891004767,0.835363163163906
79,1,12.0833333333333,2.98941159487224,0.975350317408612
79,2,12.3333333333333,2.8701745956329,0.943148742265263
79,3,12.3333333333333,3.02166735500467,0.991174115746525
79,4,12.6666666666667,3.02100738252238,0.979778279374142
79,5,12.6666666666667,3.01779019662175,0.951775080683457
79,6,12.6666666666667,3.04125508852544,0.920366199492387
79,7,12.6666666666667,2.9732311497664,0.965257446796059
15,1,11.3333333333333,2.77187901704877,0.891386975925847
15,2,11.3333333333333,2.83765922517824,0.855229834228988
15,3,11.3333333333333,2.81121992874501,0.889947025484903
15,4,11.3333333333333,2.76216846678949,0.875821779626925
15,5,11.3333333333333,2.79400709336093,0.855755085266785
15,6,11.3333333333333,2.85750787752495,0.855940987139019
15,7,11.3333333333333,2.85059014908381,0.89161637217093
15,8,11.3333333333333,2.85032217804285,0.887558795386483
15,9,11.6666666666667,2.7317674270812,0.846884848984484
49,1,24.8333333333333,3.11695766590832,1.00230771912917
49,2,25.75,3.10051641499573,0.999953953549005
106,1,5.08333333333333,2.39594520425619,0.743300236651515
106,2,5.08333333333333,2.42608824453105,0.749905217434081
106,3,5.08333333333333,2.36944753267473,0.72407889798577
106,4,5.33333333333333,2.35011237894377,0.711539450596618
106,5,5.33333333333333,2.35027198332644,0.735441202027896
106,6,5.33333333333333,2.38410135485406,0.722461452719901
106,7,5.33333333333333,2.30435097634839,0.693910881791224
106,8,5.33333333333333,2.44292551091189,0.686009933461954
106,9,5.66666666666667,2.4463379696128,0.774672252791107
106,10,5.66666666666667,2.4704703247913,0.741100779268224
106,11,5.66666666666667,2.45983930335756,0.762488404450811
106,12,5.66666666666667,2.46872957537046,0.761082919804804
39,1,12.0833333333333,2.95356672832134,0.937972154913723
39,2,12.0833333333333,2.8966942728234,0.933589585188956
39,3,12.3333333333333,2.90522110020289,0.910676779257988
39,4,12.6666666666667,2.90223656004514,0.972757781857101
39,5,13.1666666666667,2.9223747892169,0.942147742808911
39,6,13.1666666666667,3.02628589286556,0.993110895418643
65,1,6.75,2.73929305698291,0.824641972672189
18,1,17.75,2.80079393791814,0.908078086392794
18,2,17.75,2.81462174923051,0.868106993919969
18,3,17.75,2.73531673099197,0.821784442509359
18,4,17.75,2.77390977372597,0.828665603170006
18,5,17.75,2.85439207920629,0.857148357259196
14,1,11.8333333333333,2.68762429546961,0.879315411294455
14,2,12.75,2.86121395519684,0.904742380384001
90,1,13.75,3.1091440282348,0.972992059774718
90,2,13.75,3.09468654651406,0.950510718987242
24,1,7.08333333333333,2.85509454608487,0.971741100882771
24,2,7.33333333333333,2.86701660193455,0.933487954256391
24,3,7.33333333333333,2.78239733009152,0.909537214230933
24,4,7.33333333333333,2.86066804067795,0.938274396346493
24,5,7.33333333333333,2.92929529840039,0.930278016520491
24,6,7.33333333333333,2.83576542063239,0.892548348828692
24,7,7.33333333333333,2.79581158249345,0.975516442262132
24,8,7.33333333333333,2.78248993202454,0.877523040871479
24,9,7.33333333333333,2.88082438249495,0.878978543081851
24,10,7.66666666666667,2.96544083145781,0.942731794268235
24,11,7.66666666666667,3.02376622708482,0.968337567130701
24,12,7.66666666666667,2.86337598895754,0.91547652917724
24,13,8.16666666666667,2.95542569365132,0.949335467652188
24,14,8.16666666666667,2.89627116748548,0.956923404464623
24,15,8.16666666666667,2.90868605851604,0.942301213712798
24,16,8.16666666666667,2.9045683858214,0.929486768123118
44,1,19.75,3.14024251709618,1.02818678843421
44,2,19.75,3.07008177987266,0.981454539063015
44,3,19.75,3.10770531170728,1.00762592043177
44,4,19.75,2.99172319702261,0.998994451532017
44,5,19.75,3.10987631279578,0.95991590054165
54,1,1.66666666666667,2.25001556178747,0.790567386473847
54,2,2.08333333333333,2.31774650046356,0.710079340701833
54,3,2.08333333333333,2.35984893812787,0.774418431574791
54,4,2.08333333333333,2.39189163522452,0.724858622854423
54,5,2.66666666666667,2.45205775143162,0.792871693346931
54,6,2.66666666666667,2.36217055847099,0.811503221936901
54,7,2.66666666666667,2.49514287114802,0.792845968421857
54,8,2.66666666666667,2.42214761451807,0.749981084900477
54,9,2.83333333333333,2.53376974809517,0.787136055426839
54,10,3.16666666666667,2.54826356624702,0.779423571372552
54,11,3.16666666666667,2.53051008576463,0.854050846148406
54,12,3.16666666666667,2.36586516522627,0.802748965814466
101,1,0.833333333333333,1.82771362591596,0.637757920958274
101,2,1.08333333333333,1.93067086606503,0.66627364550662
101,3,1.33333333333333,2.12131005345546,0.717068650556555
101,4,1.33333333333333,2.03252329664131,0.678656897036076
101,5,1.66666666666667,2.575930336123,0.835158672346047
118,1,11.8333333333333,2.68440233655371,0.896306766396123
130,1,14.8333333333333,2.87270380122652,0.870934196241031
83,1,12.75,2.914430819524,0.962816104524031
83,2,12.75,3.04413339592734,0.913630553452598
20,1,10.3333333333333,2.92171639154987,0.899982381659486
20,2,10.6666666666667,2.73956216753018,0.880832611985443
20,3,10.6666666666667,2.77068123526575,0.922006885871082
35,1,12.8333333333333,3.10657549880734,0.994392821493644
35,2,12.8333333333333,2.8350601833288,0.911583750587491
35,3,13.75,2.92152854900834,0.913803675840647
35,4,13.75,2.881987578911,0.938888458045192
35,5,13.75,2.9130375439594,0.950548679086512
35,6,13.75,2.90428848952914,0.971109791124895
19,1,10.3333333333333,2.79028648675824,0.892657316534056
19,2,10.3333333333333,2.8460453641149,0.869226761073228
19,3,10.3333333333333,2.76813157049331,0.868823412713746
19,4,10.3333333333333,2.74600000309336,0.899349995537287
19,5,10.6666666666667,2.77128726950942,0.915028127271554
19,6,10.6666666666667,2.94474418815999,1.01925819448987
19,7,10.6666666666667,2.77774647965507,0.901921912016617
19,8,10.6666666666667,2.86995624397731,0.903586452969679
19,9,11.1666666666667,2.80140346749967,0.919924255403326
19,10,11.1666666666667,2.73948099276477,0.91887156210383
129,1,10.6666666666667,2.96037733751031,0.910028144432323
129,2,10.8333333333333,3.01434444112382,0.955529068646973
129,3,11.0833333333333,2.94649924299897,0.94753590633112
129,4,11.3333333333333,2.87206499798825,0.879808795799093
129,5,11.3333333333333,2.94572714599836,0.931809077465741
129,6,11.3333333333333,2.93153536679129,0.865703940254393
129,7,11.3333333333333,2.95816695360508,0.885843726651578
129,8,11.6666666666667,3.00458675840875,0.929035129227547
129,9,11.6666666666667,3.053723461267,0.938576678456091
129,10,11.6666666666667,2.86933608539436,0.901847206160637
62,1,7.08333333333333,2.85245224531417,0.918582827213126
62,2,7.08333333333333,2.82000430846641,0.910215075777961
62,3,7.33333333333333,2.74353432539331,0.82518964004851
62,4,7.33333333333333,2.83510164005877,0.831086083455922
62,5,7.33333333333333,2.72590344887753,0.859987963765917
62,6,7.66666666666667,2.86207065841046,0.913871512243582
62,7,7.66666666666667,2.85327190494882,0.955015735704155
62,8,7.66666666666667,2.82390374398286,0.892675933758315
21,1,17.6666666666667,3.04758864650922,1.01313914049395
21,2,18.0833333333333,2.90379429991272,0.937886924326121
21,3,18.3333333333333,2.97244178953668,0.943900904510077
21,4,18.6666666666667,2.79663257412962,0.879544645798633
21,5,18.6666666666667,2.7692484771974,0.87829599267648
21,6,18.6666666666667,2.75938992722033,0.8848477771208
21,7,19.1666666666667,2.86257862618214,0.917618108914932
37,1,22.75,2.84014818920975,0.88811525409516
37,2,22.75,3.03479688838705,0.903572868292595
103,1,1.83333333333333,2.07399072907917,0.686310450468478
103,2,2.75,2.28700806270229,0.73135172422123
103,3,2.75,2.40496301739688,0.759085700658621
103,4,2.75,2.33025783409501,0.816960919586116
125,1,10.75,2.80920719809948,0.929825661898303
125,2,10.75,2.78283379253442,0.915574606807719
73,1,7.08333333333333,3.00660133745889,0.965262214805843
73,2,7.33333333333333,2.79778261421434,0.859398846739252
73,3,7.33333333333333,3.09139543435467,0.898489481623788
25,1,23.75,2.89788223879724,0.937660160327009
25,2,23.75,2.78552707983356,0.920634630573272
43,1,14.6666666666667,3.00881016648207,0.939183382167911
43,2,15.0833333333333,2.96401090127669,0.932878492146548
43,3,15.6666666666667,2.99653791299216,0.935804345258399
43,4,15.6666666666667,2.95814557884976,0.907620652419084
110,1,4.75,2.56221298634591,0.795062196815862
110,2,4.75,2.52077739757092,0.800539405180858
110,3,4.75,2.49202480247444,0.759748394232871
81,1,29.0833333333333,2.98186658463553,0.932759160499656
81,2,29.0833333333333,3.00499378195972,0.938596765004551
81,3,29.3333333333333,2.92244922951674,0.772806678120749
81,4,29.3333333333333,2.95878770196386,0.96476022353073
81,5,29.6666666666667,3.04495817505779,0.959940095718675
81,6,29.6666666666667,3.22216573348501,1.01266075141884
81,7,29.6666666666667,3.03677320158271,0.996191801017185
81,8,29.6666666666667,3.01669659737753,0.937985916249033
81,9,29.6666666666667,2.99579178411883,0.953801296719074
81,10,29.6666666666667,2.98586544468066,0.92760394411131
81,11,29.6666666666667,2.89807563269047,0.865085121240364
81,12,29.6666666666667,2.9894811575603,0.926697866287183
81,13,29.6666666666667,3.03664877249784,0.942249093836596
81,14,30.1666666666667,3.03179047600494,0.928172725589357
81,15,30.1666666666667,2.95406486963252,0.92946832192006
107,1,4.75,2.33437129226564,0.730516955355244
107,2,4.75,2.38274143176652,0.736625352320591
107,3,4.75,2.40884180135148,0.746787127850498
127,1,16.8333333333333,2.83283684727714,0.981583057979232
127,2,17.75,2.99505159491585,0.96375510596333
127,3,17.75,2.96565090220863,0.98271329445647
29,1,34.8333333333333,2.87739402848934,0.942863250583086
29,2,35.0833333333333,2.93762032897961,0.929746892989717
29,3,35.3333333333333,2.90240798091134,0.930444025839046
29,4,35.6666666666667,2.81231413235745,0.917391207467455
29,5,35.6666666666667,2.87402537557251,0.935449931826305
29,6,36.1666666666667,2.82789906203107,0.931442031859805
29,7,36.1666666666667,2.88817171565214,0.924356298071595
29,8,36.1666666666667,2.91339887631777,0.943592009365956
7,1,3.08333333333333,2.50437988418352,0.732695719276408
7,2,3.08333333333333,2.49114935030895,0.750183752263308
7,3,3.66666666666667,2.45081008721585,0.685650050142054
7,4,3.66666666666667,2.48609193612613,0.800879582834289
7,5,4.16666666666667,2.50623060347795,0.787209605972312
7,6,4.16666666666667,2.49288642010633,0.755716729347257
7,7,4.16666666666667,2.54889611379616,0.782901894837779
45,1,34.3333333333333,3.07506728233306,0.955824589961084
45,2,34.3333333333333,3.13155247318426,0.980023802306653
45,3,34.3333333333333,3.00367096700523,0.91743865725067
45,4,34.6666666666667,3.13498895631633,0.96511399963312
22,1,9.08333333333333,2.81927043032687,0.917418293413941
22,2,9.08333333333333,2.82179050296672,0.901676017017366
22,3,9.33333333333333,2.80864861018193,0.84990174346702
22,4,9.33333333333333,2.8498002588921,0.883684699515258
22,5,9.66666666666667,2.84284287504072,0.888006510008957
22,6,9.66666666666667,2.75994967250458,0.954946460049547
22,7,9.66666666666667,2.8777842859203,0.954548851437141
22,8,9.66666666666667,2.82716558449296,0.942055249429342
22,9,9.66666666666667,2.88279945220582,0.915153468161016
22,10,9.83333333333333,2.81340640219288,0.884185134044484
23,1,11.8333333333333,2.81501153173391,0.910325195352679
23,2,12.0833333333333,2.88914641261543,0.911814791051206
23,3,12.0833333333333,2.87086117830544,0.888992576701205
23,4,12.3333333333333,2.77416748587113,0.870790474928654
23,5,12.3333333333333,2.85437049133797,0.885042167623015
23,6,12.6666666666667,2.97866135717633,0.920432383983324
23,7,12.6666666666667,2.8321110196266,0.913854211345803
23,8,12.6666666666667,2.94234543111171,0.941892466879831
23,9,13.1666666666667,2.96597713809019,0.891403452464075
23,10,13.1666666666667,2.91612038355372,0.918790706638516
23,11,13.1666666666667,2.80051109543652,0.871823650215923
100,1,0.666666666666667,1.73221406752807,0.559645192959077
100,2,0.833333333333333,1.80694386786111,0.594833727781432
100,3,0.833333333333333,1.7640129764393,0.529666417756926
100,4,1.33333333333333,2.05198701264667,0.668410710788577
100,5,1.33333333333333,2.00811070834198,0.673031659648561
100,6,1.33333333333333,2.0297520012694,0.671100130716349
100,7,1.66666666666667,1.9787616409408,0.605043758469191
100,8,1.66666666666667,2.215195307,0.672457567
100,9,1.66666666666667,2.00231270846272,0.615100805162197
2,1,0.833333333333333,1.67594493949754,0.499816954724518
2,2,1.08333333333333,1.97596104752819,0.619843863261836
2,3,1.33333333333333,1.96715855501514,0.667614223009671
2,4,1.33333333333333,2.00623829626791,0.659966182851921
2,5,1.33333333333333,1.99652043334974,0.618055785976113
2,6,1.66666666666667,2.31427192964637,0.719081450223623
2,7,1.66666666666667,2.08172542360928,0.652234064966148
2,8,1.66666666666667,2.20375110100834,0.683331428577536
2,9,1.66666666666667,2.18792364431701,0.736501131313903
2,10,1.66666666666667,2.01911326984474,0.687887221920338
2,11,1.66666666666667,2.23579292211562,0.719492524996508
2,12,1.66666666666667,2.16073121617733,0.653352045029581
2,13,1.66666666666667,2.17080720770429,0.676195286783639
2,14,1.66666666666667,2.23447997120802,0.6840245295641
2,15,1.66666666666667,2.2248679262528,0.667712187980285
2,16,1.83333333333333,2.24586684779613,0.743519479296484
68,1,27.3333333333333,2.91841470381128,0.913784122838544
68,2,27.3333333333333,2.85269446688076,0.895222614844316
68,3,27.6666666666667,2.83579153082259,0.889816047079316
68,4,27.6666666666667,2.86540682415158,0.899848937066321
68,5,27.6666666666667,2.82845555808739,0.911242961895101
8,1,7.08333333333333,2.56481707664806,0.853923930572964
8,2,7.08333333333333,2.58093768203285,0.849742311499005
8,3,7.08333333333333,2.60380172299578,0.866378839603546
8,4,7.08333333333333,2.58670324855746,0.855789038158362
8,5,7.33333333333333,2.60893752613988,0.834139886544097
8,6,7.33333333333333,2.57618976461878,0.829529716351198
8,7,7.66666666666667,2.72923215402157,0.857418306836599
8,8,7.66666666666667,2.54246485299157,0.899200171130165
8,9,7.66666666666667,2.60022027394092,0.892756973119791
8,10,7.66666666666667,2.60873780624633,0.865371951431024
8,11,8.16666666666667,2.71632662397296,0.878927776460506
12,1,13.0833333333333,2.71899769832864,0.887661265247877
12,2,13.3333333333333,2.66704781444958,0.952627266681133
12,3,13.3333333333333,2.76083369111617,0.867615278785205
12,4,13.3333333333333,2.79208314445444,0.919423773017982
12,5,13.3333333333333,2.70834416181243,0.896815041287761
12,6,13.3333333333333,2.72806553039749,0.851519465778709
12,7,13.3333333333333,2.76017597253205,0.856207871490221
12,8,13.6666666666667,2.7473139853769,0.87508763400968
12,9,13.6666666666667,2.68858652542359,0.899574140117383
12,10,13.6666666666667,2.80943058355933,0.895857378532591
12,11,13.6666666666667,2.85119891606822,0.914724647253305
12,12,13.6666666666667,2.75356959896111,0.905212108192601
12,13,13.6666666666667,2.72100273082327,0.903037991961902
12,14,14.1666666666667,2.80345085079536,0.904779772960817
12,15,14.1666666666667,2.82288847085216,0.928156808921433
12,16,14.1666666666667,2.76297579626287,0.904720773622711
12,17,14.1666666666667,2.66480641008449,0.893662594247643
78,1,17.75,2.85738176230752,0.891636612973691
78,2,17.75,2.97132842713174,0.898438847546689
31,1,38.6666666666667,3.15752488506424,1.03538987498103
31,2,39.0833333333333,3.05871581010077,1.01029432317236
31,3,39.6666666666667,2.91095598116714,1.0077151094968
31,4,39.6666666666667,2.95010297622747,0.928588947238417
31,5,39.6666666666667,2.98829390488481,0.995398298581416
31,6,39.6666666666667,2.91606213933118,1.0289703980153
31,7,39.6666666666667,2.8223242033531,0.887819268194903
31,8,39.6666666666667,3.01159157047223,1.04021377836538
31,9,39.6666666666667,3.00640957419881,1.00957895552043
31,10,39.6666666666667,3.13662359846756,0.98908696987108
31,11,39.6666666666667,2.9534287427387,0.917883979343211
31,12,39.6666666666667,2.90824292936133,0.925265963737061
31,13,40.1666666666667,2.94414072304807,0.947731641872702
31,14,40.1666666666667,2.94173127307688,0.942206216491855
57,1,6.75,2.52688356533596,0.825842328026453
57,2,6.75,2.54360278610701,0.764473754641935
123,1,9.33333333333333,2.80923319328148,0.87994101156021
123,2,9.33333333333333,2.74575707315556,0.895009501463177
1,1,0.666666666666667,1.53106472450609,0.542932047991024
1,2,1.08333333333333,1.83252198918838,0.607919179510876
1,3,1.33333333333333,1.86535535938535,0.622192133022164
1,4,1.33333333333333,1.91258293654996,0.709799714895887
1,5,1.33333333333333,1.95379366522233,0.638219366515137
1,6,1.66666666666667,2.15671209868385,0.679441434034467
1,7,1.66666666666667,2.03528414729544,0.672674541926076
1,8,1.66666666666667,1.99470923540203,0.61664999630321
1,9,1.66666666666667,2.04482948817809,0.692822307683668
1,10,1.66666666666667,2.1723786966045,0.715457673177636
1,11,1.66666666666667,2.01608068181372,0.665600267158618
1,12,2.16666666666667,2.26268542084437,0.697845606111448
1,13,2.16666666666667,2.19848307401341,0.714853459029509
61,1,12.6666666666667,2.78186679217946,0.898212153560302
61,2,13.3333333333333,2.62373022022092,0.817437947467598
61,3,13.3333333333333,2.86469428266778,0.93672429629641
61,4,13.3333333333333,2.7767611164588,0.908243412020956
61,5,13.3333333333333,2.81331717721963,0.903992453202371
61,6,13.3333333333333,2.83261558244456,0.920759999052033
61,7,13.3333333333333,2.84223869455031,0.894129981014342
61,8,13.6666666666667,2.87241895630166,0.953262490736907
61,9,13.6666666666667,2.84299476115135,0.960034618298212
61,10,14.1666666666667,2.94008341600074,0.983201946962126
33,1,15.75,2.829402201174,0.940511604775952
33,2,15.75,3.07282852519913,0.952291683798948
33,3,15.75,2.91297706305254,0.935587411964747
97,1,1.75,1.66598540299888,0.529719541891438
97,2,1.75,1.6125924287739,0.522376348250553
97,3,1.75,1.59302923446176,0.52944733691722
97,4,1.75,1.66517181032898,0.513785251460536
97,5,1.75,1.59948896449994,0.526628044644354
97,6,1.75,1.62481506334477,0.522225851610394
70,1,9.75,2.78871403800048,0.869526935366257
70,2,9.75,2.79022187744234,0.858421271805737
111,1,8.83333333333333,2.52758352033021,0.819962475972241
111,2,9.75,2.7666443763101,0.855879122590553
111,3,9.75,2.65777543546999,0.850697840790533
111,4,9.75,2.73683779667387,0.845509144119469
111,5,9.75,2.74073947335779,0.87463371356989
98,1,0.833333333333333,1.70409767057174,0.623689614514557
98,2,0.833333333333333,1.63005431929388,0.547865493762381
98,3,1.75,2.11243818263401,0.670914532109269
98,4,1.75,2.16276283707021,0.69477068450299
98,5,1.75,2.15163038840123,0.684981664006617
98,6,1.75,2.00203179339852,0.701069230142496
98,7,1.75,2.00187253884755,0.705847700723575
98,8,1.75,2.0058634659775,0.72503016838738
116,1,14.75,2.85007369722139,0.933462305404467
116,2,14.75,2.67576500893581,0.891905009010073
116,3,14.75,2.79209271273148,0.936294735150398
116,4,14.75,2.75675332142537,0.880846350225382
116,5,14.75,2.84218371795405,0.797124414881002
116,6,14.75,2.88132372297625,0.890563552283027
121,1,9.66666666666667,2.85156374371006,0.928395779121473
121,2,9.66666666666667,2.89256717463964,0.932080860410902
121,3,9.66666666666667,2.79163211114383,0.91998721107358
121,4,9.66666666666667,2.71816672979682,0.925136298438073
121,5,9.83333333333333,2.81192526045095,0.94514195820046
121,6,10.3333333333333,2.81088815301335,0.92076156187332
121,7,10.6666666666667,2.78581668478855,0.917674168105595
121,8,10.6666666666667,2.82423053743008,0.886759172864808
121,9,10.6666666666667,2.89846833727857,0.902999085076345
121,10,10.6666666666667,2.78866272479028,0.894797818485532
121,11,11.1666666666667,2.8590711969916,0.934315594982534
121,12,11.1666666666667,2.83942214211147,0.91881323251404
67,1,9.66666666666667,2.87871155737674,0.864753814982565
67,2,10.6666666666667,2.87196946621204,0.889716992227219
67,3,11.1666666666667,2.77579790682243,0.832414323283162
115,1,7.75,2.75081383339521,0.869096493605202
115,2,7.75,2.67151898540384,0.858255633342689
115,3,7.75,2.69487540743229,0.82190879832072
115,4,7.75,2.68018021712664,0.845502448917867
115,5,7.75,2.70654987878964,0.857576388598666
30,1,28.75,2.99005382762886,0.924353327889628
30,2,28.75,2.81439164669015,0.913770750301344
108,1,5.66666666666667,2.35037655770233,0.719837128654704
108,2,6.08333333333333,2.61034936785132,0.839363586277482
108,3,6.08333333333333,2.64572751087865,0.819628441447297
108,4,6.08333333333333,2.58954413063873,0.806752435329944
108,5,6.08333333333333,2.64887158425533,0.849962280952347
108,6,6.66666666666667,2.6080088808043,0.803219518401008
108,7,6.66666666666667,2.59841328834258,0.784214209350791
108,8,6.66666666666667,2.70637918801068,0.809657240936289
108,9,6.66666666666667,2.70326715959669,0.756417806149083
108,10,6.66666666666667,2.64600629301831,0.788941068830591
108,11,6.66666666666667,2.61925516839502,0.834693333966081
108,12,6.66666666666667,2.56784267889358,0.835352374884584
108,13,6.66666666666667,2.62171887279292,0.814694143741866
108,14,6.66666666666667,2.70955629226624,0.805295733738544
108,15,6.66666666666667,2.75118091056337,0.826763008029268
108,16,6.66666666666667,2.62918284061479,0.803805893614978
108,17,6.66666666666667,2.59021432480165,0.797728111451118
108,18,6.66666666666667,2.46162265168094,0.759677196211111
108,19,6.66666666666667,2.74532729651724,0.81732517795061
136,1,16.8333333333333,3.05100044770812,0.901968808361651
104,1,2.75,2.16531466560866,0.709273795714538
104,2,2.75,2.35550389986475,0.763796298227313
104,3,2.75,2.42694798339241,0.828999486646914
104,4,2.75,2.52350807133049,0.756856749888638
104,5,2.75,2.49642632040708,0.776645974620326
104,6,2.75,2.38969193629602,0.767167556487836
40,1,17.75,3.0613040112162,0.956644931930907
40,2,17.75,2.90720062457083,0.861929958942438
40,3,17.75,2.96436252885913,0.881449396051271
40,4,17.75,2.92566276017399,0.843118265886521
69,1,17.75,2.78792819133359,0.885419333999217
69,2,17.75,2.82795257271854,0.863783329336373
69,3,17.75,2.86480122033244,0.907929460847632
69,4,17.75,2.81328131363522,0.901876137442505
60,1,7.75,2.6798719289953,0.814984138229099
60,2,7.75,2.61683649267368,0.88006095972644
60,3,7.75,2.78576209102059,0.836862351907114
9,1,6.08333333333333,2.67603678110032,0.88131520019922
9,2,6.08333333333333,2.60462049416313,0.892372944565904
9,3,6.08333333333333,2.63824552126035,0.761412202151696
9,4,6.08333333333333,2.5459415296969,0.830845139891892
9,5,6.08333333333333,2.71418811070296,0.88015356760757
9,6,6.08333333333333,2.70896354066745,0.870371491934629
9,7,6.66666666666667,2.59642677938326,0.801427576876268
9,8,6.66666666666667,2.70695057689553,0.835555961230707
9,9,6.66666666666667,2.65851236635461,0.809653633454869
9,10,6.66666666666667,2.65261047405388,0.915110330478384
9,11,6.66666666666667,2.76729830673795,0.878283763152121
9,12,6.66666666666667,2.7640632846599,0.885355163160159
9,13,6.66666666666667,2.7592485221245,0.866487504120833
9,14,6.66666666666667,2.76542303542326,0.848803145418996
9,15,6.66666666666667,2.69164678108222,0.82782070185193
9,16,7.16666666666667,2.75119934515236,0.861472995134744
9,17,7.16666666666667,2.80039818764479,0.872151147532457
89,1,16.8333333333333,3.07740845951763,0.968075081226337
89,2,17.75,3.14631822598379,1.00210673838578
89,3,17.75,3.09833814088258,0.981457444895566
16,1,7.75,2.8246118605091,0.891074021257916
16,2,7.75,2.74253713776342,0.872971457942833
16,3,7.75,2.7380132329172,0.894647254015345
16,4,7.75,2.73209429093847,0.926832332760279
135,1,15.8333333333333,3.04079272633019,0.995653284711694
135,2,15.8333333333333,3.04639086839899,1.00172206147003
17,1,5.83333333333333,2.83851273530158,0.876418876107952
17,2,6.08333333333333,2.73212867926728,0.923069122858361
17,3,6.66666666666667,2.76787941158963,0.888887427596439
17,4,7.16666666666667,2.84773079637913,0.909688852263319
17,5,7.16666666666667,2.80171259518255,0.885838185490276
38,1,17.75,2.85121012638767,0.91079396746546
38,2,17.75,2.91983111507602,0.951161169918554
38,3,17.75,2.89265519332814,0.930661809844954
38,4,17.75,2.93046118031085,0.944930912629279
38,5,17.75,2.92285387255431,0.934637399532138
38,6,17.75,2.85382141517869,0.921298359899137
38,7,17.75,2.90443988968914,0.92714906999018
120,1,8.83333333333333,2.7092161100994,0.907887329458108
80,1,27.0833333333333,2.94236410318711,1.00125747139168
80,2,27.0833333333333,2.89167473972358,0.976913527353675
80,3,27.0833333333333,3.01724807540918,1.00255281247938
80,4,27.0833333333333,2.89730840370352,0.995952135092119
80,5,27.3333333333333,2.8775121703371,0.966653433573869
80,6,27.3333333333333,2.87916166250301,0.997865467157361
80,7,27.6666666666667,2.90710672539744,0.982955299225691
80,8,27.6666666666667,2.94154671575786,0.992413375260941
80,9,27.6666666666667,2.96488580933001,0.987685172603548
80,10,27.6666666666667,2.87734889217853,0.930578691453729
80,11,28.1666666666667,2.9647580542635,1.0113063626411
75,1,12.0833333333333,2.87967059823864,0.890411900633947
75,2,12.0833333333333,2.84891016424752,0.931070235356367
75,3,12.6666666666667,2.84355141856831,0.876502756637389
75,4,12.6666666666667,2.91024692618646,0.906204603365867
75,5,12.6666666666667,2.87856536103094,0.858776669802131
64,1,10.8333333333333,2.73082848692244,0.778814261778965
64,2,11.75,2.87035447488023,0.902018201224107
64,3,11.75,2.86548858385317,0.884851800863888
64,4,11.75,2.79979757638288,0.860710071761481
72,1,9.75,2.89626410133675,0.917138966469301
72,2,9.75,2.79581213731558,0.919308514261805
55,1,1.83333333333333,2.3233442849484,0.727298474014957
55,2,2.75,2.31194210630726,0.744958935689722
55,3,2.75,2.3702569334722,0.783688215747643
48,1,24.8333333333333,3.26246836914981,1.02558304814654
48,2,25.75,3.32175814748192,1.07029243212661
48,3,25.75,3.0525863295458,0.941794082063629
48,4,25.75,3.13929147066938,0.987173379926353
48,5,25.75,3.09892534958242,0.961116003017717
92,1,27.6666666666667,3.25138376220929,1.01161142273582
92,2,27.6666666666667,3.11662175347385,1.02201127516624
92,3,27.6666666666667,3.19500925667343,0.995988576553422
92,4,27.6666666666667,3.19951843749648,1.00866374166204
92,5,27.6666666666667,3.10124565595451,0.972826779501035
92,6,27.6666666666667,3.21108705675379,0.991746716526438
92,7,27.6666666666667,3.16380668256729,0.984428008160844
92,8,27.6666666666667,3.22728712069593,0.996780276813228
92,9,27.6666666666667,3.31495635426548,1.04618168694261
92,10,27.6666666666667,3.1395828683172,1.00710274951262
92,11,27.6666666666667,3.12533489312058,0.958974702201651
92,12,27.6666666666667,3.2077744175221,1.0057683201768
134,1,17.75,3.02887913367815,0.967696035796099
134,2,17.75,3.19859842317013,1.04753821764392
134,3,17.75,3.1145190311207,0.987798117661171
134,4,17.75,3.07484263170726,0.993403407016659
134,5,17.75,3.05795134659606,0.983113867896277
113,1,7.75,2.56468787927243,0.830832323213584
113,2,7.75,2.66095919265126,0.825522250045938
137,1,17.75,3.05898626590016,0.98629804000608
137,2,17.75,3.16783924601052,1.01390652512149
137,3,17.75,3.26897186543953,1.01103422399581
137,4,17.75,3.13858618378845,0.960190472770161
137,5,17.75,3.12686311407139,0.962589074998985
137,6,17.75,3.2031683715925,0.9558896979344
82,1,15.3333333333333,3.1061990831043,0.942628741074389
82,2,15.3333333333333,2.9049568303112,0.903063617357061
82,3,15.3333333333333,3.11384844705415,0.935976941983944
82,4,15.3333333333333,3.12779396125968,0.921988091140491
82,5,16.1666666666667,3.0665749958142,0.94352702472011
82,6,16.1666666666667,3.00900657156557,0.896929661500802
132,1,14.75,3.00819033663973,0.976442756654309
132,2,14.75,3.03152806296419,0.970764373801565
132,3,14.75,2.88959508296722,0.946566776199578
132,4,14.75,2.88451044677565,0.944666313854648
66,1,13.0833333333333,2.87137347450392,0.890932697586758
66,2,13.3333333333333,2.89942307796744,0.863687993080836
66,3,13.6666666666667,2.74089503688047,0.818929920949353
66,4,13.6666666666667,2.84089105482885,0.84030915132779
139,1,17.75,3.15892642416066,1.02042152746569
10,1,5.83333333333333,2.57580251441323,0.771657248359956
10,2,5.83333333333333,2.56244644211323,0.771811061455006
10,3,5.83333333333333,2.65063119331403,0.800252374153384
74,1,13.75,2.82166892214739,0.882229634958345
74,2,13.75,2.86507300475357,0.877536549801778
74,3,13.75,2.87624476900959,0.867994289532073
88,1,21.8333333333333,3.06149149964348,1.07233982509588
88,2,22.0833333333333,3.21525050545829,1.12637952018843
88,3,22.3333333333333,3.01281310925095,1.01296578382958
88,4,22.6666666666667,3.18326168395691,1.04066758904908
88,5,22.6666666666667,3.13005235064988,0.994063781799042
88,6,23.1666666666667,3.13472991803063,0.998053709026388
88,7,23.1666666666667,3.06768727719108,0.992026235820695
112,1,4.83333333333333,2.65327387926029,0.777107396566977
112,2,4.83333333333333,2.60427571720901,0.736215915404604
112,3,4.83333333333333,2.65730827485959,0.827790674272859
112,4,4.83333333333333,2.5780296454322,0.774698683846547
112,5,4.83333333333333,2.56137600409033,0.906705665560779
112,6,5.75,2.59727237586944,0.901321181728021
63,1,9.66666666666667,2.91381168945775,0.899504204564915
63,2,9.66666666666667,2.72962133142684,0.822941646606202
63,3,9.83333333333333,2.85932618184251,0.891915351531218
63,4,10.0833333333333,2.77468046480243,0.891214115010253
63,5,10.6666666666667,2.90056361346543,0.905127040810063
42,1,24.8333333333333,3.06452183090156,1.02142480339109
42,2,24.8333333333333,2.95587246658342,0.994928482038144
42,3,24.8333333333333,2.98713002250614,0.961563970570961
42,4,24.8333333333333,2.98610803617079,0.970517051878701
42,5,24.8333333333333,3.03807063494039,0.965279045825301
42,6,25.75,3.10623432683222,0.978327841693001
42,7,25.75,3.07207097052855,1.01347911673996
42,8,25.75,2.98252710548724,0.979106304356604
76,1,15.75,2.84446695782619,0.927425360417208
114,1,7.83333333333333,2.70103558433149,0.839018239814247
114,2,7.83333333333333,2.70161620286566,0.797206387150246
114,3,7.83333333333333,2.65374326807142,0.809906054587308
114,4,7.83333333333333,2.67936340714875,0.85298672645282
114,5,8.75,2.83795305029609,0.849734391941459
128,1,16.8333333333333,2.85167043519086,0.962709701093211
3,1,0.666666666666667,1.7063937040534,0.530395182406489
3,2,0.666666666666667,1.78216678507429,0.555986560296808
3,3,1.08333333333333,1.96042730317419,0.658766579374638
3,4,1.33333333333333,1.9525642762764,0.629149541888526
3,5,1.33333333333333,2.0459935849612,0.703581593757379
3,6,1.66666666666667,2.23191227729601,0.715282684458359
3,7,1.66666666666667,2.25986869154568,0.765714893391064
3,8,1.66666666666667,2.212703769767,0.771972242240908
3,9,1.66666666666667,2.28705078486453,0.716929371488549
3,10,2.16666666666667,2.32744652720366,0.745973890125915
3,11,2.16666666666667,2.30412157236035,0.751449209204531
117,1,9.75,2.68028948704921,0.887419146437297
117,2,9.75,2.72987970059735,0.920732417068731
117,3,9.75,2.81578128014582,0.876029265252491
138,1,17.75,3.19615978963212,1.02483232149225
138,2,17.75,3.23221416073253,1.0571269341865
138,3,17.75,3.13624824122528,1.02544497204098
138,4,17.75,3.12873918710845,1.05689016172832
28,1,24.0833333333333,2.96133902976471,1.007265154245
28,2,24.0833333333333,2.94251536025623,0.960308927128364
28,3,24.0833333333333,2.89701284050964,0.947727026808292
28,4,24.0833333333333,2.84750217183123,0.988712541104334
28,5,24.0833333333333,2.93822827599562,0.970390368159971
28,6,24.0833333333333,2.97900109270178,0.985883099773416
28,7,24.0833333333333,2.93466796255668,0.991371016076044
28,8,24.3333333333333,2.89201918032916,0.971093554027036
28,9,24.6666666666667,2.81962034124938,0.904839996106998
28,10,24.6666666666667,2.95827129726136,0.929042025944861
28,11,24.6666666666667,2.87924855268907,0.951118985818429
28,12,24.6666666666667,2.95910434906366,0.982128422014812
28,13,24.6666666666667,2.80382141021795,0.854358690327051
28,14,24.6666666666667,2.91696935380327,0.921554430258095
77,1,15.3333333333333,2.84785424189101,0.81814062317163
77,2,15.3333333333333,2.88863621851652,0.927269253800954
77,3,15.6666666666667,2.87516324338297,0.93656463126584
77,4,16.1666666666667,2.95728495416715,0.94809244141907
96,1,0.333333333333333,1.41459506125129,0.556858336112749
96,2,0.333333333333333,1.43240515261865,0.540259709836708
96,3,0.333333333333333,1.40478953291814,0.50243913364713
96,4,0.333333333333333,1.38174095475898,0.483731263616726
96,5,0.333333333333333,1.47529354752662,0.490982491637454
96,6,0.333333333333333,1.40293167139876,0.519889658168806
96,7,0.333333333333333,1.44485143588057,0.485786228594228
96,8,0.333333333333333,1.34884397178455,0.517599882610843
96,9,0.666666666666667,1.64332145521607,0.542089834154814
96,10,0.666666666666667,1.75529381813835,0.588616853519836
96,11,0.666666666666667,1.75640946993644,0.557586548099038
96,12,0.666666666666667,1.74974223479464,0.535144756837155
96,13,0.666666666666667,1.73372653033556,0.530445093322636
96,14,0.666666666666667,1.74059309093988,0.587945371220708
96,15,0.666666666666667,1.73220026406625,0.612797617488927
96,16,0.666666666666667,1.79133765244973,0.621677350998177
96,17,0.666666666666667,1.74733164822947,0.579080958879073
105,1,2.08333333333333,2.32631750440997,0.732064566800158
105,2,2.08333333333333,2.41015146730503,0.786097643098124
105,3,2.08333333333333,2.37175853238554,0.779938857020816
105,4,2.08333333333333,2.31670367909692,0.795019159199091
105,5,2.66666666666667,2.43753479831639,0.784268689717844
105,6,2.66666666666667,2.41422431012881,0.780136596930786
105,7,2.66666666666667,2.51251938549283,0.80081821340737
105,8,2.66666666666667,2.53651467998425,0.792111407248502
105,9,2.66666666666667,2.56014718887312,0.811799652225996
105,10,2.66666666666667,2.57090796943679,0.767354413535851
105,11,2.66666666666667,2.5214462156649,0.751728765761251
105,12,2.66666666666667,2.36106642317408,0.833174945703618
105,13,2.66666666666667,2.59881740625387,0.753719381888506
105,14,2.66666666666667,2.54698022685842,0.78138963564825
105,15,3.16666666666667,2.54607500628031,0.77569517644103
105,16,3.16666666666667,2.58037652136982,0.820868324761676
105,17,3.16666666666667,2.64588571540751,0.81851413681325
59,1,9.66666666666667,2.60605581020874,0.812993733800288
59,2,9.66666666666667,2.6164894717201,0.779694788602409
59,3,9.83333333333333,2.72030424317449,0.823429476608569
59,4,10.0833333333333,2.60014105963971,0.836110272925742
59,5,10.0833333333333,2.65039763581506,0.818649682033689
59,6,10.3333333333333,2.716597087353,0.81155713711776
59,7,10.6666666666667,2.62104834115925,0.793133969062682
59,8,10.6666666666667,2.68189346393032,0.789923106536116
59,9,10.6666666666667,2.71401908299558,0.830815708913602
59,10,10.6666666666667,2.75275967943056,0.835619325248474
59,11,10.6666666666667,2.66042439163011,0.81797650665752
86,1,18.75,2.9551155672315,0.976848885532257
6,1,4.08333333333333,2.47025059296544,0.744269252040462
6,2,4.08333333333333,2.41026053790071,0.746249800669712
6,3,4.08333333333333,2.40915984683082,0.742616049492029
6,4,4.08333333333333,2.43684964306736,0.740081854910587
6,5,4.66666666666667,2.44850096511883,0.730799657569737
6,6,4.66666666666667,2.38233445631041,0.735647190574713
6,7,4.66666666666667,2.50204294421342,0.757449145171492
6,8,4.66666666666667,2.45222193884694,0.740066778726531
6,9,4.66666666666667,2.33024432636871,0.689248641422605
6,10,4.66666666666667,2.35344242317965,0.698088040336317
6,11,4.66666666666667,2.47883889164319,0.751011360767452
6,12,4.66666666666667,2.47496423735097,0.749517717348198
6,13,4.66666666666667,2.40514505341957,0.740587779169577
47,1,22.75,3.16540786922083,1.0743246687464
47,2,22.75,3.04115001287219,0.997855552842429
47,3,22.75,3.21718634376447,1.06108361397485
122,1,6.08333333333333,2.73715953518203,0.921842800356448
122,2,6.08333333333333,2.72737907359903,1.00402008514198
122,3,6.08333333333333,2.89485142840271,0.917625643244318
122,4,6.08333333333333,2.79199432719348,0.907064343762669
122,5,6.66666666666667,2.77692366506726,0.911379852758007
46,1,37.0833333333333,3.19137463900168,1.02067338588927
46,2,37.0833333333333,3.2695212959467,1.06194714190831
46,3,37.0833333333333,3.14332947169606,0.994404018971668
46,4,37.0833333333333,3.17124791869739,1.01280560612761
46,5,37.3333333333333,3.1896800244685,0.990853038755375
46,6,37.3333333333333,3.03831872650486,0.98452497092605
46,7,37.3333333333333,3.08595414251143,0.924211393719786
46,8,37.6666666666667,3.02294828235658,0.993061800717148
46,9,37.6666666666667,3.08216772610743,1.02567442232452
46,10,37.6666666666667,3.08200099623296,0.98135759039822
50,1,33.0833333333333,3.34826048003512,1.1335737022314
50,2,33.0833333333333,3.26132552745032,1.10004379150789
50,3,33.6666666666667,3.30835809272356,1.09302437107198
50,4,33.6666666666667,3.36444327896962,1.09976211198719
50,5,33.6666666666667,3.2288593565941,1.06892279787271
85,1,28.8333333333333,2.95309149227348,1.00138485170479
85,2,29.0833333333333,3.10264777939086,1.06946058600542
85,3,29.0833333333333,3.10480606919076,1.04666943985055
85,4,29.6666666666667,3.06227190069472,0.995468020591257
85,5,29.6666666666667,3.18758897789718,1.06306802510919
85,6,30.1666666666667,3.21611613181549,1.04928645241986
13,1,14.8333333333333,2.67561560154095,0.864135031943775
126,1,9.83333333333333,2.86077525676363,0.986939305000339
126,2,10.75,2.81529304094398,0.915775684252904
126,3,10.75,2.94636028226927,0.926985099647148
58,1,3.75,2.53987499429213,0.924552308063588
58,2,3.75,2.64490649160156,0.916164049366286
87,1,17.3333333333333,2.98000092955163,1.03176966789063
4,1,0.833333333333333,1.87268519880894,0.627739523782459
4,2,0.833333333333333,1.97628610242499,0.63151257284894
4,3,0.833333333333333,1.95101071532346,0.53667655199887
56,1,2.33333333333333,2.55614150226259,0.817742379160257
56,2,2.33333333333333,2.40946051546412,0.75639872906107
56,3,2.66666666666667,2.48583141031414,0.80005077413169
56,4,2.66666666666667,2.55265437022631,0.789828769243186
56,5,2.66666666666667,2.36187564737627,0.811078098333864
11,1,9.75,2.74468681393765,0.880261923661768
11,2,9.75,2.62806360855513,0.831969578317558
11,3,9.75,2.73737952923937,0.846871243913917
11,4,9.75,2.74207387629253,0.875724773106616
11,5,9.75,2.71789074377729,0.839138196876241
71,1,12.75,2.7905988073741,0.903425946578881
71,2,12.75,2.83701569452,0.90536632053851
102,1,0.833333333333333,1.92367106508981,0.672204910630648
102,2,1.75,2.28302943781208,0.772450214841081
102,3,1.75,2.27202783431263,0.776493620539194
102,4,1.75,2.19537078416774,0.804384695788857
102,5,1.75,2.3841132025992,0.74983339344078
102,6,1.75,2.26307624085785,0.780908832560332
102,7,1.75,2.2603447573484,0.746849591780812
102,8,1.75,2.37683996934468,0.725448778213034
102,9,1.75,2.38980830160754,0.755816869588524
102,10,1.75,2.2227574889655,0.815537131072857
102,11,1.75,2.30995729920386,0.765579168772296
34,1,23.0833333333333,2.92740451965526,0.986762490500122
34,2,23.0833333333333,2.94531177587708,0.902731235421837
34,3,23.6666666666667,2.83279925173466,0.877187006178439
34,4,23.6666666666667,2.91128355651668,0.913023212543558
41,1,9.75,2.91692832166529,0.911342770720845
109,1,7.08333333333333,2.56003862072277,0.797972249732953
109,2,7.66666666666667,2.6644020060364,0.826034961982356
109,3,7.66666666666667,2.48219488081482,0.750737390500659
109,4,7.66666666666667,2.50026233168672,0.758160353470323
109,5,7.66666666666667,2.61846485042876,0.821574778714383
95,1,0.666666666666667,1.36724361314996,0.467843004267521
95,2,0.666666666666667,1.32271889609122,0.424216372683383
95,3,0.666666666666667,1.468455274436,0.475463510139699
95,4,0.666666666666667,1.36793969060588,0.454420524391777
95,5,0.666666666666667,1.39995860074316,0.464531057756681
95,6,0.666666666666667,1.37388505928524,0.470098201805827
131,1,13.75,2.93681857541806,0.956305510453353
131,2,13.75,2.88291581825225,0.940149699931934
27,1,34.0833333333333,2.91063066537003,0.977083239363963
27,2,34.0833333333333,2.90387917402075,0.997290142620139
27,3,34.6666666666667,2.79355439394692,0.919527001411619
99,1,0.75,1.63224463669866,0.622636157718662
99,2,0.75,1.76461410704305,0.546332313691655
99,3,0.75,1.77776303735727,0.582421978869689
99,4,0.75,1.72910760243997,0.590840358023488
99,5,0.75,1.68753251626421,0.610596801909085
99,6,0.75,1.66499460205895,0.603050560993703
99,7,0.75,1.68772443968781,0.610669884622286
124,1,10.8333333333333,2.78218749668723,0.807522857582491
124,2,11.75,2.80259130612431,0.888909373490712
124,3,11.75,2.94191481655198,0.940317927675174
124,4,11.75,2.83671075278388,0.866979804045565
124,5,11.75,2.92615445600738,0.911500760561949
84,1,29.0833333333333,3.04193211994218,0.991537369555622
84,2,29.6666666666667,3.11450203192689,0.975900391840008
84,3,29.6666666666667,2.94691569928509,0.94277384453808
84,4,29.8333333333333,2.95749912027516,0.939290850550103
84,5,30.1666666666667,3.03086625292094,0.967557701895372
84,6,30.1666666666667,2.98291292888066,0.961728120125786
133,1,17.75,3.09001506502152,0.951936253098309
133,2,17.75,3.10162626126206,0.919283745522785
133,3,17.75,2.98807541124958,0.932989035950222
133,4,17.75,3.06934344971168,0.920604370524891
32,1,39.0833333333333,2.94129647358318,0.877090165648833
32,2,39.0833333333333,2.8953880925746,0.959486286834628
32,3,39.0833333333333,3.00431626719672,0.948483301632697
32,4,39.0833333333333,3.02040196640726,0.974112622237265
32,5,39.0833333333333,2.98186262110161,0.915900242835832
32,6,39.0833333333333,2.96005822857104,0.907150121977924
32,7,39.3333333333333,2.95626959953375,0.900198719193427
32,8,39.3333333333333,2.82398224901499,0.829802180233782
32,9,39.6666666666667,2.90043263119897,0.878590339438895
32,10,40.1666666666667,2.91860174055926,0.874905367125585
26,1,23.8333333333333,2.85826719414695,0.968416627774442
26,2,23.8333333333333,2.79018996904646,0.961472874328034
26,3,23.8333333333333,2.87034895579715,0.984075095373852
26,4,23.8333333333333,2.86480740557714,0.96964475017668
26,5,23.8333333333333,2.79933318625535,0.910259755364157
26,6,24.75,2.95444269570786,0.980619471339278
26,7,24.75,2.89678293858674,0.97366516900271
26,8,24.75,2.93198315499927,0.998465387924566
26,9,24.75,2.81800753711772,0.970277600336168
5,1,1.66666666666667,2.30294309952315,0.774594566619256
5,2,2.66666666666667,2.59468727667774,0.833950208838033
5,3,2.66666666666667,2.55706951481989,0.768732734805127
5,4,2.66666666666667,2.63312434237091,0.764382026794222
5,5,2.66666666666667,2.60751385184573,0.771126342225055
91,1,19.6666666666667,3.10124722298881,1.00289589978047
91,2,19.6666666666667,3.10088193523136,1.00885434850325
